Quantity,Level,Day_Zero_Occupancy,Premium_to_Submarket_Pct,Asking_vs_Effective_Spread,Asset_Luxury_Score,Competitors_Within_2Miles,Name,LeaseUpTime,Market,Row_Index,Cluster,Archetype,PCA1,PCA2,Submarket,Latitude,Longitude
240,3,0.712,-0.24680975092603724,0.16602017067494182,2.7,0,22 North Apartments,4,"Austin-Round Rock, TX",4,0,Value-Add / Boutique,-3.0264716322025476,2.264989013736734,Cedar Park,30.57164,-97.87028
175,3,0.491,0.3332568920619226,0.0,3.7,0,3500 Westlake,12,"Austin-Round Rock, TX",8,1,Suburban High-Velocity,0.10087908352314433,-0.27551339876845055,Southwest Austin,30.33318,-97.80856
207,6,0.029,0.3957661818024868,0.08329540282203005,4.3,1,422 At The Lake,15,"Austin-Round Rock, TX",11,1,Suburban High-Velocity,1.3466756554555648,0.8219916832393909,South Austin,30.25967,-97.74876
150,4,0.08,0.08405973467471711,0.12529691211401425,3.3,0,5th Street Commons,8,"Austin-Round Rock, TX",13,0,Value-Add / Boutique,-1.2186548241319686,0.4512191398220061,Downtown/University,30.27393,-97.76447
186,5,0.006,0.6282702108198528,0.10877759827679052,4.3,0,7East,13,"Austin-Round Rock, TX",15,1,Suburban High-Velocity,1.298856280915917,-0.42394098087975507,East Austin,30.26169,-97.71999
334,3,0.053,0.09759080922557867,0.02909090909090909,4.3,0,95 Twenty,13,"Austin-Round Rock, TX",16,1,Suburban High-Velocity,-0.05457060913011143,-0.7880628961065849,Cedar Park,30.48168,-97.76888
195,3,0.128,0.2782058128935945,0.0,4.3,0,Agave at South Congress,8,"Austin-Round Rock, TX",23,1,Suburban High-Velocity,0.5096805054848313,-1.1025245987819488,Far South Austin,30.20069,-97.76973
230,3,0.026,-0.03714709086074309,0.08297258297258298,3.7,0,Altair Tech Ridge,7,"Austin-Round Rock, TX",28,0,Value-Add / Boutique,-1.14252637364406,-0.12587798792416738,North Central Austin,30.39005,-97.64754
354,3,0.291,0.07305365660395954,0.008759124087591242,3.3,1,Altis Lakeline,20,"Austin-Round Rock, TX",29,0,Value-Add / Boutique,-0.3471985288019855,1.1231045767827568,Cedar Park,30.46782,-97.81115
154,5,0.181,0.23372384941848612,0.0,4.0,3,AMLI 300,19,"Austin-Round Rock, TX",30,2,Urban Luxury High-Rise,1.870034547024843,2.9018897156100825,Downtown/University,30.26964,-97.75584
175,4,0.508,0.5478349076296254,0.06862745098039216,4.3,0,AMLI 5350,5,"Austin-Round Rock, TX",31,1,Suburban High-Velocity,0.9903443122240733,0.028374456910408425,Near North Austin,30.32744,-97.74014
280,5,0.003,0.4637100485017541,0.0,4.3,0,AMLI at Mueller,9,"Austin-Round Rock, TX",32,1,Suburban High-Velocity,1.2924948313673226,-1.1860034595426585,East Austin,30.29688,-97.70389
360,4,0.013,0.0418400830087338,0.0,3.7,0,AMLI Covered Bridge,16,"Austin-Round Rock, TX",33,1,Suburban High-Velocity,-0.4441320272944669,-0.7067781523057828,Southwest Austin,30.24973,-97.89627
290,4,0.8,0.921168993454543,0.0,4.3,3,AMLI Eastside,16,"Austin-Round Rock, TX",35,2,Urban Luxury High-Rise,3.8540916971612584,3.47885497909034,East Austin,30.26857,-97.73157
231,18,0.541,0.6470357057517373,0.0,4.3,3,AMLI on 2ND,5,"Austin-Round Rock, TX",36,2,Urban Luxury High-Rise,4.417612205632964,4.204968226421863,Downtown/University,30.26618,-97.74808
318,4,0.031,0.381380008360656,0.008130081300813009,4.3,0,AMLI on Aldrich,11,"Austin-Round Rock, TX",37,1,Suburban High-Velocity,0.9366093596338473,-1.0776518860871875,East Austin,30.30238,-97.70204
375,6,0.029,0.709152546888464,0.0832729905865315,4.3,0,AMLI South Shore,19,"Austin-Round Rock, TX",38,1,Suburban High-Velocity,1.7849969487551665,-0.42043259010076073,Riverside,30.24522,-97.73019
250,3,0.42,0.09769951218425048,0.0,3.7,0,Anatole at Westinghouse,8,"Austin-Round Rock, TX",41,1,Suburban High-Velocity,-0.5290813615173229,-0.2189652954903315,Round Rock/Georgetown,30.58013,-97.68139
312,3,0.141,-0.09634365420268295,0.07705627705627706,4.0,0,Arrington Ridge,17,"Austin-Round Rock, TX",54,0,Value-Add / Boutique,-1.0632637688127249,-0.02683642872593193,Round Rock/Georgetown,30.56036,-97.67675
330,4,0.0,0.4240187157808909,0.0688976377952756,4.3,0,Ascent Arboretum,22,"Austin-Round Rock, TX",58,1,Suburban High-Velocity,0.8304608311829778,-0.6326683888862741,Arboretum,30.39232,-97.73824
259,36,0.509,0.4123539528606111,0.0,3.0,1,Ashton Austin,13,"Austin-Round Rock, TX",61,2,Urban Luxury High-Rise,3.3990890755422147,3.811064941242622,Downtown/University,30.26413,-97.74536
348,3,0.413,0.13644933689848732,0.04041204437400951,3.7,0,Aura 33Hundred,10,"Austin-Round Rock, TX",65,1,Suburban High-Velocity,-0.5420597256683777,0.16255343644481884,Pflugerville/Wells Branch,30.44094,-97.69525
336,3,0.229,-0.05249968167129554,0.1361003861003861,4.3,0,Autumn Ranch on Swenson Farms,16,"Austin-Round Rock, TX",73,1,Suburban High-Velocity,-0.9591117691025604,0.47575915792393075,Pflugerville/Wells Branch,30.44821,-97.63049
309,3,0.048,0.13060214285587207,0.16654904728299225,4.0,0,Avanti Hills at the Galleria,25,"Austin-Round Rock, TX",77,1,Suburban High-Velocity,-0.7424022682568466,0.4524466503118856,Southwest Austin,30.30943,-97.93741
295,5,0.0,0.49085662683543363,0.0,4.3,0,Azul Lakeshore,19,"Austin-Round Rock, TX",82,1,Suburban High-Velocity,1.3765211381829685,-1.1931539195741556,Riverside,30.24223,-97.72257
296,3,0.013,0.02732582022643608,0.08321775312066575,4.0,0,Bartz Ranch,13,"Austin-Round Rock, TX",90,1,Suburban High-Velocity,-0.7025403672227548,-0.2613463608748249,Round Rock/Georgetown,30.55928,-97.67495
344,3,0.146,0.2713106232605704,0.0,4.3,0,Bell at Four Points,24,"Austin-Round Rock, TX",94,1,Suburban High-Velocity,0.5371361891024304,-0.956356950150238,Far West Austin,30.40011,-97.85056
318,3,0.421,0.013236144286184944,0.13837837837837838,3.7,1,Bell at Teravista,9,"Austin-Round Rock, TX",95,0,Value-Add / Boutique,-0.777443442455274,2.2476457404400576,Round Rock/Georgetown,30.57232,-97.65408
272,3,0.066,0.09493445908958556,0.0,3.7,0,Bell Austin Southwest,8,"Austin-Round Rock, TX",96,1,Suburban High-Velocity,-0.43020230845697904,-0.7880002967134373,Southwest Austin,30.18381,-97.85409
276,3,0.648,0.018308426485313393,0.14499121265377857,2.7,0,Bell Hill Country,5,"Austin-Round Rock, TX",97,0,Value-Add / Boutique,-2.151367900623677,1.877908282534377,Southwest Austin,30.24942,-97.89221
148,3,0.06,0.16638257845487908,0.0,4.0,0,Bell Quarry Hill,5,"Austin-Round Rock, TX",98,1,Suburban High-Velocity,-0.03785414556373724,-1.0613277862250097,Southwest Austin,30.2306,-97.87917
357,6,0.0,0.10690679260009697,0.07088009450679268,3.7,0,Bell South Lamar,31,"Austin-Round Rock, TX",99,1,Suburban High-Velocity,-0.35086660672060416,-0.017913195096157474,South Austin,30.24318,-97.78119
330,3,0.0,0.12227913739300454,0.0,4.3,0,Bell Southpark,12,"Austin-Round Rock, TX",100,1,Suburban High-Velocity,0.14530674026642135,-1.1347663088469044,Far South Austin,30.15082,-97.79588
302,4,0.0,0.15127536167755665,0.08306082406801832,4.3,0,Bell Steiner Ranch,14,"Austin-Round Rock, TX",101,1,Suburban High-Velocity,-0.01852987545267704,-0.3993233134402484,Far West Austin,30.38325,-97.87365
152,2,0.0,0.050641117200867496,0.0,3.3,0,Belterra Springs,12,"Austin-Round Rock, TX",103,0,Value-Add / Boutique,-0.9791954407325071,-0.8638389443195769,Southwest Austin,30.19941,-97.98164
350,3,0.351,0.020232771148295005,0.0,3.3,0,Berkshire Lakeway,12,"Austin-Round Rock, TX",105,0,Value-Add / Boutique,-1.0024976192518487,-0.0405972515844399,Southwest Austin,30.32049,-98.00526
338,4,0.0,0.22243184156216667,0.042222222222222223,4.3,0,Bexley 3Five,13,"Austin-Round Rock, TX",106,1,Suburban High-Velocity,0.3606056297959948,-0.7493201325125943,Southeast Austin,30.1748,-97.77621
300,3,0.74,0.0789816058559708,0.08366141732283465,3.7,0,Bexley at Silverado,13,"Austin-Round Rock, TX",108,0,Value-Add / Boutique,-0.9872290833053581,1.0591116102530878,Cedar Park,30.53235,-97.77883
342,2,0.374,-0.00889731255660724,0.0,4.0,0,Bexley at Tech Ridge,9,"Austin-Round Rock, TX",109,1,Suburban High-Velocity,-0.6535635176313438,-0.38217289756367023,North Central Austin,30.39573,-97.65152
340,3,0.014,-0.014014674537918163,0.066030230708035,3.0,0,Bexley at Whitestone,15,"Austin-Round Rock, TX",110,0,Value-Add / Boutique,-1.501407776647287,0.09643814324392833,Cedar Park,30.47222,-97.79246
344,3,0.046,0.10569475179168245,0.0,3.7,0,Bexley Lakeline,11,"Austin-Round Rock, TX",111,1,Suburban High-Velocity,-0.3684507892168552,-0.7719903821510202,Cedar Park,30.47363,-97.80963
332,3,0.024,0.1730401622703117,0.0,4.0,0,Bexley Wolf Ranch,24,"Austin-Round Rock, TX",113,1,Suburban High-Velocity,0.05590244532536199,-0.9849590940693704,Round Rock/Georgetown,30.63169,-97.70229
254,3,0.421,-0.014521812735982074,0.12489927477840451,2.3,0,Biltmore at the Park,10,"Austin-Round Rock, TX",114,0,Value-Add / Boutique,-2.4154150367533074,1.5114106004195234,Pflugerville/Wells Branch,30.42239,-97.59489
186,3,0.145,0.19796277967834813,0.059487179487179485,4.3,0,Blanco River Lodge,6,"Austin-Round Rock, TX",115,1,Suburban High-Velocity,0.03508769995614582,-0.5432771899426012,San Marcos,29.88236,-97.91048
376,3,0.013,0.1386242912092753,0.03614457831325301,4.0,0,Broadstone 8 One Hundred,13,"Austin-Round Rock, TX",127,1,Suburban High-Velocity,-0.16796917453905946,-0.6502077756308469,Northwest Austin,30.46126,-97.75635
280,3,0.703,0.3935219674386689,0.0,4.3,0,Broadstone Grand Avenue,12,"Austin-Round Rock, TX",129,1,Suburban High-Velocity,0.7095564373867127,-0.14205148044774799,Pflugerville/Wells Branch,30.45709,-97.66329
396,3,0.899,0.12998266559980814,0.0,4.3,0,Broadstone Travesia,2,"Austin-Round Rock, TX",130,1,Suburban High-Velocity,-0.06107869183472038,0.402310079107301,Pflugerville/Wells Branch,30.46992,-97.69011
185,5,0.054,0.3224082007871279,0.0,4.3,1,Burnet Flats,9,"Austin-Round Rock, TX",135,1,Suburban High-Velocity,1.3595621202108539,0.11029201049893265,Near North Austin,30.33005,-97.73925
272,2,0.43,0.040275710414624286,0.12150537634408602,2.7,0,Camden Brushy Creek,11,"Austin-Round Rock, TX",139,0,Value-Add / Boutique,-2.028139014807709,1.22985897772448,Cedar Park,30.50444,-97.80258
208,3,0.014,0.05011318948614551,0.0835509138381201,4.3,0,Camden Cedar Hills,14,"Austin-Round Rock, TX",140,1,Suburban High-Velocity,-0.4405203286386689,-0.46873594714923744,Southwest Austin,30.18964,-97.85643
300,3,0.75,0.1320830317389442,0.007123775601068566,4.3,0,Camden La Frontera,2,"Austin-Round Rock, TX",143,1,Suburban High-Velocity,-0.07533073327172124,0.1410512479832987,Round Rock/Georgetown,30.48195,-97.69309
314,5,0.024,0.2828662090253191,0.0,4.3,0,Camden Lamar Heights,11,"Austin-Round Rock, TX",144,1,Suburban High-Velocity,0.7794452428558256,-1.0352280031979855,Near North Austin,30.32251,-97.72898
326,8,0.022,0.1296996893204142,0.06875543951261967,4.0,1,Camden Rainey,15,"Austin-Round Rock, TX",145,1,Suburban High-Velocity,0.640853277645648,1.1972930034936398,Downtown/University,30.26011,-97.73756
370,4,0.032,0.16161958613057606,0.0,4.3,0,Century Stone Hill,12,"Austin-Round Rock, TX",163,1,Suburban High-Velocity,0.35606783338122894,-0.9950412693794555,Pflugerville/Wells Branch,30.46754,-97.6042
445,4,0.031,0.09056917388416937,0.0,4.0,0,Century Travesia,29,"Austin-Round Rock, TX",165,1,Suburban High-Velocity,-0.05037417106752402,-0.7706417828562662,Pflugerville/Wells Branch,30.46722,-97.68702
554,3,0.0,0.16819080693339286,0.009664948453608248,3.0,0,Cielo,31,"Austin-Round Rock, TX",176,1,Suburban High-Velocity,-0.6754424092631912,-0.32725687794907404,Southwest Austin,30.32616,-97.95771
384,3,0.119,-0.05716563780587033,0.2693409742120344,2.7,2,City North at Sunrise Ranch,15,"Austin-Round Rock, TX",178,0,Value-Add / Boutique,-1.6355104367105147,4.5871838506906535,Round Rock/Georgetown,30.54255,-97.67436
225,5,0.017,0.5440760190183183,0.01815766164747564,4.3,0,Coldwater,11,"Austin-Round Rock, TX",183,1,Suburban High-Velocity,1.4278210100221747,-1.0925692797345765,South Austin,30.26478,-97.76213
119,5,0.596,0.43446634588568184,0.21402042711234912,4.3,1,Cole,5,"Austin-Round Rock, TX",184,0,Value-Add / Boutique,0.6560322803590908,2.6944244010160268,South Austin,30.26286,-97.75856
362,3,0.038,0.30561434736962084,0.04154589371980676,3.3,0,Colonial Grand at Ashton Oaks,14,"Austin-Round Rock, TX",185,1,Suburban High-Velocity,-0.25655781734874006,-0.3452177318024224,Round Rock/Georgetown,30.5125,-97.65848
296,3,0.101,0.03395619801096899,0.03076923076923077,3.7,0,Colonial Grand at Double Creek,10,"Austin-Round Rock, TX",188,1,Suburban High-Velocity,-0.7288587502904995,-0.42385239334780744,Far South Austin,30.14503,-97.80346
300,2,0.0,0.04420518326460332,0.07452339688041594,4.3,0,Colonial Grand at Onion Creek,11,"Austin-Round Rock, TX",189,1,Suburban High-Velocity,-0.4781667831617095,-0.570836406949401,Far South Austin,30.13753,-97.80234
336,3,0.589,0.09388225612040171,0.09430255402750491,3.3,0,Colonial Grand at Wells Branch,8,"Austin-Round Rock, TX",193,0,Value-Add / Boutique,-1.2372914206369412,1.0959956516332983,Pflugerville/Wells Branch,30.4421,-97.67057
346,3,0.3,0.09080200506316777,0.07692307692307693,4.3,0,Concord,39,"Austin-Round Rock, TX",197,1,Suburban High-Velocity,-0.3290267737729092,0.03435459599718739,Southeast Austin,30.18042,-97.77082
256,6,0.046,0.4231015160141389,0.0,4.0,0,Corazon,19,"Austin-Round Rock, TX",201,1,Suburban High-Velocity,1.0191343537695414,-0.9028415958996613,East Austin,30.26404,-97.73209
280,3,0.0,0.15004704133916974,0.0,4.3,0,Cordevalle Apartments,15,"Austin-Round Rock, TX",202,1,Suburban High-Velocity,0.20746709309458047,-1.1864931543227295,Round Rock/Georgetown,30.48529,-97.65431
276,4,0.112,0.14242426337295042,0.047692307692307694,3.7,0,Cortland Onion Creek,11,"Austin-Round Rock, TX",203,1,Suburban High-Velocity,-0.4020825266791479,-0.25725316931071135,Far South Austin,30.13879,-97.7999
426,3,0.37,0.054364318904934324,0.16698292220113853,3.3,1,Cortland Southpark Estates II,20,"Austin-Round Rock, TX",205,0,Value-Add / Boutique,-1.0263168314279172,2.6421733593488117,Far South Austin,30.16052,-97.79704
244,3,0.364,0.12852001893447795,0.16666666666666666,3.3,1,Cortland Southpark Terraces,20,"Austin-Round Rock, TX",207,0,Value-Add / Boutique,-0.8743879222120202,2.454715780405622,Far South Austin,30.16221,-97.7962
250,3,0.492,0.0407428292948344,0.0,3.3,0,Creekside at Kenney`s Fort,1,"Austin-Round Rock, TX",212,0,Value-Add / Boutique,-1.0181867480153186,0.10725441651320919,Round Rock/Georgetown,30.5105,-97.63759
300,3,0.023,-0.19152070999125,0.07692307692307693,3.0,0,Creekside on Parmer Lane,25,"Austin-Round Rock, TX",213,0,Value-Add / Boutique,-2.0707623733489524,0.260751187903667,East Austin,30.36965,-97.6202
157,5,0.101,0.6913786164234675,0.032577903682719546,4.3,0,Crescent,11,"Austin-Round Rock, TX",215,1,Suburban High-Velocity,1.7459766905917464,-0.957555869993187,South Austin,30.25555,-97.74583
224,3,0.627,0.34536443653839694,0.0,4.3,0,Crest at Round Rock,12,"Austin-Round Rock, TX",216,1,Suburban High-Velocity,0.5729463357170298,-0.28649764843145936,Round Rock/Georgetown,30.53697,-97.68154
353,4,0.628,0.11907575247405972,0.12447885646217986,4.3,0,Crestview Commons,6,"Austin-Round Rock, TX",217,1,Suburban High-Velocity,-0.4334111607863859,1.0434895971212643,Near North Austin,30.34103,-97.71783
215,4,0.158,0.435230023829329,0.0,4.0,0,District at SoCo,14,"Austin-Round Rock, TX",229,1,Suburban High-Velocity,0.8226933495827515,-0.9061537622717267,South Austin,30.23637,-97.75194
208,5,0.021,0.46813411102415486,0.12143202709240446,4.0,0,E6,12,"Austin-Round Rock, TX",232,1,Suburban High-Velocity,0.5633451728572604,-0.06282251091270258,East Austin,30.25977,-97.716
330,4,0.003,0.6846037541240164,0.07676455435342606,4.3,0,Eastside Station,29,"Austin-Round Rock, TX",237,1,Suburban High-Velocity,1.5463606945188932,-0.691814630383479,East Austin,30.26106,-97.72529
274,6,0.401,0.17372423556173916,0.12507516536380037,4.3,0,Echo,8,"Austin-Round Rock, TX",238,1,Suburban High-Velocity,-0.057577605554023484,0.7368628279241861,Near North Austin,30.31448,-97.73594
326,3,0.104,0.19157948113446754,0.0774436090225564,4.3,0,Edgewater,16,"Austin-Round Rock, TX",240,1,Suburban High-Velocity,0.006029563169360871,-0.35175082125935103,Pflugerville/Wells Branch,30.4323,-97.66903
354,4,0.084,0.2228047002136811,0.0,4.0,0,Edison,12,"Austin-Round Rock, TX",241,1,Suburban High-Velocity,0.28243070745330184,-0.8176332540170965,Riverside,30.2313,-97.71871
251,5,0.039,0.342211185045596,0.07734375,4.3,0,Elan East,11,"Austin-Round Rock, TX",243,1,Suburban High-Velocity,0.6161982551465983,-0.44037894964594426,East Austin,30.28615,-97.71002
255,5,0.185,0.3171557134907201,0.07752877044215627,4.3,0,Elan Parkside I,16,"Austin-Round Rock, TX",244,1,Suburban High-Velocity,0.5040764776619017,-0.18117521043226323,North Central Austin,30.32372,-97.71352
257,4,0.0,0.857812835131491,0.0,4.3,0,Eleven,12,"Austin-Round Rock, TX",245,1,Suburban High-Velocity,2.3237561082945475,-1.4809248687831829,East Austin,30.26979,-97.73225
324,3,0.055,-0.03617324581231069,0.1251896813353566,3.7,0,Enclave Falcon Pointe,17,"Austin-Round Rock, TX",251,0,Value-Add / Boutique,-1.282591281667292,0.34626006435258294,Pflugerville/Wells Branch,30.45466,-97.59184
312,3,0.237,0.01931148877999181,0.0,3.0,0,Estancia Villas,12,"Austin-Round Rock, TX",254,0,Value-Add / Boutique,-1.215659249075865,-0.12417925723116084,Far South Austin,30.12362,-97.80652
316,3,0.0,0.03935936354196835,0.0,3.0,0,Estates at Bee Cave,36,"Austin-Round Rock, TX",256,0,Value-Add / Boutique,-1.0903654676991594,-0.5241927642481591,Southwest Austin,30.32053,-97.95694
370,3,0.262,0.3246251705555354,0.0,4.3,0,Ethos Apartments,14,"Austin-Round Rock, TX",258,1,Suburban High-Velocity,0.6668244290827465,-0.7708729152241256,Southeast Austin,30.1748,-97.77621
235,4,0.038,0.12801535846213832,0.08307926829268293,4.3,0,Farmhouse,12,"Austin-Round Rock, TX",263,1,Suburban High-Velocity,-0.11951858174718649,-0.37530556676192844,Southeast Austin,30.14431,-97.79304
194,4,0.0,0.2938863018587136,0.0,4.0,0,Flora,9,"Austin-Round Rock, TX",269,1,Suburban High-Velocity,0.4538339578978993,-1.113601196364314,Near North Austin,30.31643,-97.71479
288,3,0.37,-0.07829573230187588,0.041951219512195125,2.3,0,Fox Hill,14,"Austin-Round Rock, TX",274,0,Value-Add / Boutique,-2.242714254177699,0.7901949756260882,Southwest Austin,30.23525,-97.91733
223,18,0.121,0.37500195090807087,0.0,4.3,0,Gables Park Tower,10,"Austin-Round Rock, TX",279,2,Urban Luxury High-Rise,2.1906780560052166,-0.001600308969404924,Downtown/University,30.26751,-97.75407
316,4,0.534,0.4210877514202568,0.08327691266079891,4.3,0,Gallery at Domain,4,"Austin-Round Rock, TX",283,1,Suburban High-Velocity,0.6105224708741492,0.3641247121170055,North Central Austin,30.39673,-97.72037
587,4,0.34,0.5843300424681497,0.0,4.3,0,Gallery at Domain Edge and Parkside,11,"Austin-Round Rock, TX",284,1,Suburban High-Velocity,1.5593649367819158,-0.5306727847819591,North Central Austin,30.39673,-97.72037
202,5,0.031,0.44982741217616545,0.0,4.3,0,Gibson Flats,12,"Austin-Round Rock, TX",288,1,Suburban High-Velocity,1.2174358394714186,-1.1917342216559568,South Austin,30.25405,-97.76196
307,3,0.071,0.21364858479250873,0.0,4.3,1,Griffis at Riata,13,"Austin-Round Rock, TX",296,1,Suburban High-Velocity,0.8999115189231057,0.13320319759746477,Northwest Austin,30.43297,-97.73903
328,2,0.67,0.1502486041331701,0.13047711781888996,4.3,0,Griffis Southpark,5,"Austin-Round Rock, TX",301,1,Suburban High-Velocity,-0.5738076250649707,0.9769111763574281,Southeast Austin,30.17105,-97.78197
307,5,0.025,0.15031433124406224,0.07670614777213762,3.7,0,Groves South Lamar,15,"Austin-Round Rock, TX",303,1,Suburban High-Velocity,-0.36671637206042323,-0.06319378919470778,South Austin,30.23886,-97.78782
207,3,0.111,0.13840752661167466,0.03166986564299424,3.3,0,Hays Junction I,11,"Austin-Round Rock, TX",306,0,Value-Add / Boutique,-0.7721055047815257,-0.3408388174601904,San Marcos,30.0186,-97.84431
102,3,0.509,0.20858608546852653,0.022275258552108195,3.3,0,Hays Junction II,9,"Austin-Round Rock, TX",307,0,Value-Add / Boutique,-0.6815962039666226,0.12604360706495826,San Marcos,30.0186,-97.84431
256,3,0.164,0.14344938073824814,0.0,3.7,0,HighLine,7,"Austin-Round Rock, TX",315,1,Suburban High-Velocity,-0.3239908950017733,-0.6617918756537936,Northwest Austin,30.4375,-97.73141
182,3,0.203,0.07284951543565445,0.0,3.3,0,Hunters Crossing Apartments,5,"Austin-Round Rock, TX",324,0,Value-Add / Boutique,-0.8689884343002435,-0.43955566486694875,Southeast Austin,30.10773,-97.3528
228,4,0.25,0.47045015606083984,0.0,4.3,0,IMT at The Domain,4,"Austin-Round Rock, TX",326,1,Suburban High-Velocity,1.1316934849744522,-0.8951018330348894,North Central Austin,30.3986,-97.72207
286,3,0.038,0.11424058048071019,0.041060735671514116,4.3,0,IMT Southpark North,10,"Austin-Round Rock, TX",327,1,Suburban High-Velocity,-0.06697954454667299,-0.7574295349912943,Far South Austin,30.17348,-97.80274
283,3,0.222,0.07849855139349177,0.062111801242236024,4.0,0,IMT Southpark South,17,"Austin-Round Rock, TX",328,1,Suburban High-Velocity,-0.5348655832333324,-0.12674367170152306,Far South Austin,30.17348,-97.80274
139,5,0.598,1.069927708845325,0.12475116124751161,4.3,0,Indie,9,"Austin-Round Rock, TX",331,1,Suburban High-Velocity,2.3209340473027447,0.4356559463213382,East Austin,30.26253,-97.72472
325,3,0.006,0.1327091970109557,0.029850746268656716,4.3,0,Indigo,11,"Austin-Round Rock, TX",332,1,Suburban High-Velocity,0.053214473426021515,-0.8839819886029762,Cedar Park,30.48119,-97.79255
250,3,0.0,0.05035057468542491,0.0,4.0,0,James on South First,16,"Austin-Round Rock, TX",335,1,Suburban High-Velocity,-0.3183280960964684,-1.0256931356200352,Far South Austin,30.17549,-97.79957
279,6,0.0,0.5581229403178622,0.0,4.3,0,Kenzie at the Domain,11,"Austin-Round Rock, TX",338,1,Suburban High-Velocity,1.6567483089672483,-1.162849318208055,North Central Austin,30.39869,-97.72359
412,4,0.645,0.09960588073370481,0.15483870967741936,4.3,0,La Frontera Square,6,"Austin-Round Rock, TX",340,1,Suburban High-Velocity,-0.5939727310949121,1.3801733503610363,Round Rock/Georgetown,30.48407,-97.68559
311,3,0.012,0.06459089211881171,0.045581395348837206,4.3,0,Ladera,9,"Austin-Round Rock, TX",341,1,Suburban High-Velocity,-0.21140564117186852,-0.719013959015023,Far South Austin,30.18187,-97.7769
301,3,0.079,-0.011766477979341392,0.16666666666666666,3.3,0,Lakeline Crossing I,14,"Austin-Round Rock, TX",342,0,Value-Add / Boutique,-1.6975698147186162,0.8819979429883213,Cedar Park,30.47266,-97.81223
348,3,0.048,0.17410984842486624,0.0,4.3,0,Lakeline East,11,"Austin-Round Rock, TX",344,1,Suburban High-Velocity,0.28696372140314247,-1.0673752886885122,Cedar Park,30.47478,-97.80779
442,5,0.0,0.33900779751012283,0.06822916666666666,4.3,0,Lamar Union,27,"Austin-Round Rock, TX",350,1,Suburban High-Velocity,0.7211579261150127,-0.43504534156882246,South Austin,30.25569,-97.76306
240,4,0.108,0.041590080757758253,0.04049586776859504,3.3,0,Landmark Conservancy,8,"Austin-Round Rock, TX",355,0,Value-Add / Boutique,-0.9799026201840323,-0.12269047275570112,Southwest Austin,30.25961,-97.90225
370,3,0.27,0.19368681098433993,0.03520536462699078,3.7,0,Lantower Ambrosio,21,"Austin-Round Rock, TX",360,1,Suburban High-Velocity,-0.3093261826572344,-0.1300550002877115,Pflugerville/Wells Branch,30.43367,-97.66917
375,3,0.0,0.12442341294876129,0.0,4.3,0,Lantower Tech Ridge,16,"Austin-Round Rock, TX",362,1,Suburban High-Velocity,0.16725305353985218,-1.101745255543511,Pflugerville/Wells Branch,30.43,-97.66601
414,3,0.19,0.06800531853026391,0.14555765595463138,3.3,2,Las Brisas Luxury Apartment Homes,19,"Austin-Round Rock, TX",363,0,Value-Add / Boutique,-0.3355817513341498,3.361668154883216,Round Rock/Georgetown,30.5573,-97.67629
337,4,0.059,0.13594925532732363,0.07692307692307693,4.0,0,Latitude at Presidio,22,"Austin-Round Rock, TX",364,1,Suburban High-Velocity,-0.2714656813242092,-0.18487973602173585,Cedar Park,30.52237,-97.77248
222,4,0.049,0.27637433740128,0.12852112676056338,4.3,0,Legends Lakeline,13,"Austin-Round Rock, TX",370,1,Suburban High-Velocity,0.1181559933212228,-0.06059502068429838,Cedar Park,30.47715,-97.79333
338,5,0.096,0.3411149005539776,0.08309779536461277,4.3,0,Lenox Boardwalk,12,"Austin-Round Rock, TX",371,1,Suburban High-Velocity,0.6047643347643901,-0.23123800075681944,Riverside,30.23877,-97.72054
400,3,0.017,0.08618416190728583,0.08333333333333333,4.0,0,Lenox Springs I,12,"Austin-Round Rock, TX",374,1,Suburban High-Velocity,-0.49867426180209135,-0.20431269654274375,Far South Austin,30.15093,-97.79275
304,3,0.059,0.02502553256029835,0.041264266900790166,4.0,0,Lone Oak,12,"Austin-Round Rock, TX",383,1,Suburban High-Velocity,-0.5525315541406183,-0.5289635347560375,Round Rock/Georgetown,30.55904,-97.67327
222,4,0.081,0.10179135092263317,0.01694915254237288,3.3,0,Lotus Village,10,"Austin-Round Rock, TX",386,0,Value-Add / Boutique,-0.7123054856287252,-0.4081922909288776,North Central Austin,30.37643,-97.68557
343,5,0.318,0.2889024536658243,0.06740196078431372,4.3,0,Marq on Burnet,16,"Austin-Round Rock, TX",401,1,Suburban High-Velocity,0.456860705386355,0.0353988566571284,Near North Austin,30.34216,-97.73802
265,5,0.011,-0.043963762119872504,0.0,2.7,1,Marq Uptown,11,"Austin-Round Rock, TX",402,0,Value-Add / Boutique,-0.8738150611554188,0.9959353377196998,Downtown/University,30.29191,-97.72312
264,3,0.03,0.10752052899611649,0.08377518557794274,3.0,1,Marquis at Canyon Ridge,13,"Austin-Round Rock, TX",405,0,Value-Add / Boutique,-0.7339169513403668,1.366508170370011,East Austin,30.38161,-97.65416
402,4,0.572,0.10991709561272525,0.0,4.3,0,Marquis at Star Ranch,8,"Austin-Round Rock, TX",409,1,Suburban High-Velocity,0.06772497723889774,-0.04946737252625581,Round Rock/Georgetown,30.50799,-97.58863
344,3,0.45,0.08953213744463799,0.06925996204933586,2.7,0,Marquis Lakeline Station,11,"Austin-Round Rock, TX",411,0,Value-Add / Boutique,-1.5667551141360483,0.9317335379440619,Cedar Park,30.47601,-97.77454
352,3,0.019,0.10846275029522896,0.0,4.3,0,Marquis on Lakeline,11,"Austin-Round Rock, TX",412,1,Suburban High-Velocity,0.10804905140134867,-1.0796993119957885,Cedar Park,30.47617,-97.80975
140,3,0.328,0.12944105480730772,0.04048892284186402,4.0,0,Marquis Soco,7,"Austin-Round Rock, TX",413,1,Suburban High-Velocity,-0.3825842276714559,-0.2656531011919037,Far South Austin,30.19304,-97.77604
249,3,0.028,0.1511089810952581,0.0,0.0,0,McCarty Commons,10,"Austin-Round Rock, TX",414,0,Value-Add / Boutique,-3.091888742661839,0.7538120120806465,San Marcos,29.83464,-97.96645
316,3,0.898,0.8058920044942066,0.0,4.3,0,Midtown Commons at Crestview Station I,15,"Austin-Round Rock, TX",424,1,Suburban High-Velocity,1.8512881410595003,0.0029532497639182687,North Central Austin,30.34021,-97.71808
246,4,0.0,0.6754445263582287,0.0,4.3,0,Midtown Commons at Crestview Station II,16,"Austin-Round Rock, TX",425,1,Suburban High-Velocity,1.7964178903769252,-1.3983063851911575,North Central Austin,30.34021,-97.71808
441,4,0.02,0.4686673874999076,0.14209827357237717,4.3,0,Mosaic at Mueller,16,"Austin-Round Rock, TX",432,1,Suburban High-Velocity,0.7011494997569981,0.07494455291320831,East Austin,30.29897,-97.70815
332,3,0.015,0.26387385054396445,0.0,4.3,0,Muir Lake,10,"Austin-Round Rock, TX",437,1,Suburban High-Velocity,0.5482493789238937,-1.1789917662562472,Cedar Park,30.48414,-97.80951
439,38,0.032,0.5274967554779773,0.0,4.3,2,Northshore Austin I,16,"Austin-Round Rock, TX",449,2,Urban Luxury High-Rise,5.624830747049864,3.884270987855853,Downtown/University,30.26531,-97.74954
336,3,0.244,0.11292168023569722,0.0,4.3,0,Oaks at Tech Ridge,6,"Austin-Round Rock, TX",454,1,Suburban High-Velocity,0.05224886416029587,-0.7208997917916049,Pflugerville/Wells Branch,30.42544,-97.6655
203,3,0.251,0.13243225637223346,0.013297872340425532,3.7,0,Oaks of Kyle,9,"Austin-Round Rock, TX",455,1,Suburban High-Velocity,-0.45140006076317274,-0.4408748612047874,San Marcos,29.99278,-97.86957
254,3,0.129,0.17229202771568528,0.0,4.0,0,Oaks on Marketplace,18,"Austin-Round Rock, TX",456,1,Suburban High-Velocity,-0.003009422973372717,-0.8695420758825244,San Marcos,30.01152,-97.86901
308,3,0.013,0.03835078088908651,0.0832729905865315,3.7,0,Ocotillo,15,"Austin-Round Rock, TX",458,0,Value-Add / Boutique,-0.8959967564657603,-0.12348588193435406,Southwest Austin,30.23173,-97.88951
300,3,0.566,0.12983609565808196,0.0,4.3,0,Oxford at Santa Clara,3,"Austin-Round Rock, TX",462,1,Suburban High-Velocity,-0.0019702615407001835,-0.2225967762968936,Pflugerville/Wells Branch,30.43121,-97.65525
256,3,0.218,0.08207070280006715,0.013784461152882205,4.3,0,Oxford at Tech Ridge,5,"Austin-Round Rock, TX",463,1,Suburban High-Velocity,-0.11186799353511023,-0.6938744902934154,North Central Austin,30.39572,-97.66797
340,3,0.458,-0.0014369765557668362,0.193579766536965,3.3,1,Palm Valley Apartments,7,"Austin-Round Rock, TX",464,0,Value-Add / Boutique,-1.3469734970621785,2.973384325678945,Round Rock/Georgetown,30.52267,-97.65451
296,3,0.0,-0.06044418278332337,0.0714828897338403,3.7,0,Palo Verde,13,"Austin-Round Rock, TX",465,0,Value-Add / Boutique,-1.1333120606539127,-0.20353689582539786,Southwest Austin,30.23105,-97.88709
288,3,0.1,0.05551900545848627,0.0824074074074074,3.7,0,Parallax @ Georgetown,12,"Austin-Round Rock, TX",467,0,Value-Add / Boutique,-0.8746497606938063,-0.010161080124407458,Round Rock/Georgetown,30.60455,-97.66786
242,3,0.024,0.20375302538135193,0.0,4.3,0,Park at Crystal Falls I,19,"Austin-Round Rock, TX",469,1,Suburban High-Velocity,0.34157391874624987,-1.2022631258461924,Cedar Park,30.56739,-97.82573
237,3,0.016,0.1044892613993351,0.0,3.3,0,Park at Crystal Falls II,14,"Austin-Round Rock, TX",470,0,Value-Add / Boutique,-0.7065206164147484,-0.7237935125962053,Cedar Park,30.56739,-97.82573
252,3,0.544,-0.11091599718731564,0.0,2.3,0,Park Place at Loyola,17,"Austin-Round Rock, TX",473,0,Value-Add / Boutique,-2.231017882171495,0.7166628990222137,East Austin,30.30297,-97.64962
192,3,0.593,-0.01841913627227833,0.16683217477656406,4.3,0,Parkway Grande,4,"Austin-Round Rock, TX",479,0,Value-Add / Boutique,-1.1358100709662935,1.2105343873016459,San Marcos,29.85566,-97.94417
290,2,0.2,0.07981516567552845,0.048672566371681415,3.3,1,Parmer Place,12,"Austin-Round Rock, TX",481,0,Value-Add / Boutique,-0.5761086439133692,1.1783979060347811,East Austin,30.38109,-97.64922
444,4,0.018,0.03215259383918201,0.08327953518398967,3.0,1,Pearl Lantana,17,"Austin-Round Rock, TX",484,0,Value-Add / Boutique,-0.7890052523345282,1.5923818058203594,Southwest Austin,30.24916,-97.85648
355,4,0.022,0.26684644400739277,0.08148591971240264,4.3,0,Platform,14,"Austin-Round Rock, TX",488,1,Suburban High-Velocity,0.3319077399038826,-0.39350584251951853,East Austin,30.28087,-97.70993
180,3,0.033,0.0483414229254049,0.08378588052754073,4.0,0,Plum Creek Vue,9,"Austin-Round Rock, TX",490,1,Suburban High-Velocity,-0.6907784808945424,-0.32178190830132175,San Marcos,30.02194,-97.87521
298,5,0.026,0.3658311332652116,0.0,4.3,0,Post South Lamar I,10,"Austin-Round Rock, TX",499,1,Suburban High-Velocity,1.011416916829257,-1.085408930757095,South Austin,30.25281,-97.76448
344,5,0.019,0.32301292282401706,0.01670378619153675,4.0,0,Post South Lamar II,14,"Austin-Round Rock, TX",500,1,Suburban High-Velocity,0.6111527317406161,-0.767214112142278,South Austin,30.25316,-97.76421
329,5,0.343,0.30460029379848846,0.16655003498950316,4.3,0,Post West Austin,7,"Austin-Round Rock, TX",501,1,Suburban High-Velocity,0.09609410819754104,0.8882029552278581,Near North Austin,30.31931,-97.755
168,5,0.761,0.21586478174384807,0.07725321888412018,3.7,0,Pressler,3,"Austin-Round Rock, TX",506,0,Value-Add / Boutique,-0.43553817055612437,1.0239880239993642,Downtown/University,30.27329,-97.76032
271,3,0.129,0.2724916705331212,0.0,4.3,0,Promesa,13,"Austin-Round Rock, TX",507,1,Suburban High-Velocity,0.51966817754918,-1.0404413958417953,Far West Austin,30.39488,-97.82792
180,3,0.722,0.09643910953130701,0.0,4.3,0,Provenza At Plum Creek,1,"Austin-Round Rock, TX",509,1,Suburban High-Velocity,-0.1836138990655385,-0.038135320723561225,San Marcos,30.0164,-97.87257
156,3,0.025,-0.1649130230422279,0.08356545961002786,3.3,0,Radius on Grove,15,"Austin-Round Rock, TX",513,0,Value-Add / Boutique,-1.8427741733737448,0.063493451826825,Riverside,30.22297,-97.70722
123,3,0.065,0.06446609960042739,0.0,2.3,0,Regal Parc II,13,"Austin-Round Rock, TX",520,0,Value-Add / Boutique,-1.6387744002411753,-0.2629134539935676,Cedar Park,30.49509,-97.81772
325,3,0.0,0.19978605454316997,0.0,4.0,0,Retreat at Wolf Ranch,21,"Austin-Round Rock, TX",530,1,Suburban High-Velocity,0.1369369835652682,-1.043402974236886,Round Rock/Georgetown,30.63033,-97.70153
302,11,0.0,1.3282401636286116,0.0,4.3,0,RiverView,16,"Austin-Round Rock, TX",548,2,Urban Luxury High-Rise,4.339186357594714,-1.149636963066776,Riverside,30.2483,-97.7345
298,5,0.003,0.01877934880280053,0.0,2.7,0,Sabina Apartments,19,"Austin-Round Rock, TX",554,0,Value-Add / Boutique,-1.2001747984417699,-0.23683793878634904,Downtown/University,30.29331,-97.72234
240,3,0.012,0.12145684546276221,0.0,3.3,0,Sadler House,20,"Austin-Round Rock, TX",556,0,Value-Add / Boutique,-0.6556436274114631,-0.7366166578416589,San Marcos,29.84809,-97.94827
220,23,0.077,0.35694783557220566,0.08339029391660971,4.3,0,Seven,7,"Austin-Round Rock, TX",571,2,Urban Luxury High-Rise,2.2825974977161514,1.0099262251743102,Downtown/University,30.27057,-97.74907
300,3,0.06,0.1430094758400662,0.0,4.0,0,Silverado Crossing,10,"Austin-Round Rock, TX",578,1,Suburban High-Velocity,-0.05160587604761048,-0.9345210350318576,San Marcos,30.08141,-97.82838
320,23,0.04,0.2614159470787458,0.04331087584215592,4.3,0,Skyhouse Austin,17,"Austin-Round Rock, TX",582,2,Urban Luxury High-Rise,2.2130632341144887,0.736537491162225,Downtown/University,30.25725,-97.73908
250,6,0.0,0.5479561356228049,0.0,4.3,0,South Shore District I,24,"Austin-Round Rock, TX",596,1,Suburban High-Velocity,1.6173884509119838,-1.1797482807808943,Riverside,30.2433,-97.72724
162,5,0.018,0.494615380321299,0.0416452442159383,4.3,0,South Shore District II,16,"Austin-Round Rock, TX",597,1,Suburban High-Velocity,1.1701430990833492,-0.9174007007620133,Riverside,30.2433,-97.72724
94,4,0.0,0.4868110294885368,0.027728613569321534,4.3,0,South Shore District III,12,"Austin-Round Rock, TX",598,1,Suburban High-Velocity,1.0914506590949526,-1.187316997473206,Riverside,30.2433,-97.72724
308,3,0.032,0.16915855474859534,0.0,4.0,0,Southpark Crossing,11,"Austin-Round Rock, TX",600,1,Suburban High-Velocity,0.03409903207841345,-0.9879374606233761,Southeast Austin,30.16407,-97.7848
328,2,0.003,0.049144009441287356,0.0,2.0,0,Springs at Lakeline,19,"Austin-Round Rock, TX",609,0,Value-Add / Boutique,-1.91531386055415,-0.14496020367660334,Northwest Austin,30.4678,-97.77094
260,2,0.034,0.009559909609115947,0.0,2.7,0,Springs at Round Rock,15,"Austin-Round Rock, TX",610,0,Value-Add / Boutique,-1.526924312347209,-0.43753568373081986,Round Rock/Georgetown,30.53825,-97.67459
256,2,0.031,0.03720182082160659,0.08314773570898293,3.7,0,Springs at Sunfield,15,"Austin-Round Rock, TX",611,0,Value-Add / Boutique,-1.0148412522505939,-0.2094760764285023,San Marcos,30.0787,-97.81747
512,3,0.587,-0.02922812408916841,0.028921998247151623,3.0,0,Still Waters,8,"Austin-Round Rock, TX",616,0,Value-Add / Boutique,-1.4976891656266695,0.8740391982964122,Southeast Austin,30.16408,-97.77943
300,3,0.0,0.027963809717468535,0.0,4.0,0,Stone Hill,10,"Austin-Round Rock, TX",617,1,Suburban High-Velocity,-0.36504218766488616,-0.9766500008014772,Pflugerville/Wells Branch,30.46142,-97.60957
352,4,0.034,0.24807073650183056,0.08307501549907005,4.3,0,Sur512,18,"Austin-Round Rock, TX",632,1,Suburban High-Velocity,0.26728770303213745,-0.3532143111241984,Far South Austin,30.2117,-97.77215
300,4,0.04,0.6440648106978222,0.0,4.3,0,Sync at Mueller,17,"Austin-Round Rock, TX",636,1,Suburban High-Velocity,1.7140964368821068,-1.275411200604735,East Austin,30.30043,-97.70728
286,3,0.585,0.2800184912995423,0.0,4.3,0,Sync at Purgatory Creek,9,"Austin-Round Rock, TX",637,1,Suburban High-Velocity,0.4188884367352121,-0.2765925033686449,San Marcos,29.86733,-97.96175
246,4,0.061,0.25570412427099504,0.0,4.3,0,Tacara at Steiner Ranch,13,"Austin-Round Rock, TX",638,1,Suburban High-Velocity,0.5745004948829227,-1.0878076074798761,Far West Austin,30.38585,-97.88663
192,3,0.052,0.10992741649677878,0.0,4.3,0,Ten Oaks,6,"Austin-Round Rock, TX",643,1,Suburban High-Velocity,0.04686874488382812,-1.1469124569519462,North Central Austin,30.41015,-97.67898
372,4,0.138,0.13506451164247937,0.0,4.0,0,Terra,17,"Austin-Round Rock, TX",644,1,Suburban High-Velocity,0.021777565305167595,-0.6706841658643973,Southeast Austin,30.16937,-97.76925
378,6,0.0,0.22237153256216702,0.0,3.3,0,The 704,19,"Austin-Round Rock, TX",648,1,Suburban High-Velocity,-0.035914932868303676,-0.4743831206321066,South Austin,30.24056,-97.78606
388,4,0.012,0.3269097015726995,0.07874015748031496,4.3,0,The Addison at Kramer Station,22,"Austin-Round Rock, TX",649,1,Suburban High-Velocity,0.529604499330347,-0.43802495020780224,North Central Austin,30.39667,-97.71855
334,3,0.029,0.4144972349098699,0.0,4.3,0,The Allure,13,"Austin-Round Rock, TX",651,1,Suburban High-Velocity,0.9773882496467737,-1.2293784706238597,Cedar Park,30.52781,-97.79289
346,5,0.0,0.8256599333599958,0.035161744022503515,4.3,1,The Arnold,24,"Austin-Round Rock, TX",653,1,Suburban High-Velocity,2.7360347756591827,0.18599257858466897,East Austin,30.2624,-97.72553
350,3,0.52,0.09808858564118067,0.15350488021295475,4.3,0,The Asten at Ribelin Ranch,9,"Austin-Round Rock, TX",658,1,Suburban High-Velocity,-0.6725517975104409,1.0395225688275658,Far West Austin,30.39502,-97.83323
120,4,0.083,0.18747097857735634,0.056451612903225805,3.0,0,The Beverly,10,"Austin-Round Rock, TX",661,0,Value-Add / Boutique,-0.8887580459289178,-0.0604725687587916,Downtown/University,30.26963,-97.73569
358,35,0.103,0.5067028465750741,0.0,4.3,0,The Bowie,24,"Austin-Round Rock, TX",663,2,Urban Luxury High-Rise,4.1980104552251305,1.2966791559719713,Downtown/University,30.26906,-97.75317
348,3,0.0,0.21662975529599784,0.0,3.3,0,The Bridge at Centeridge,11,"Austin-Round Rock, TX",666,1,Suburban High-Velocity,-0.3411967899270547,-0.7221657378478297,North Central Austin,30.41291,-97.66833
300,19,0.05,0.5995441522193488,0.0683495145631068,4.3,0,The Catherine,16,"Austin-Round Rock, TX",671,2,Urban Luxury High-Rise,2.703314843303439,0.4749954022010189,South Austin,30.25976,-97.74799
63,8,0.0,0.09086639579800443,0.0,4.0,2,The Corner,5,"Austin-Round Rock, TX",679,2,Urban Luxury High-Rise,1.2366970578760415,1.6187291787944742,Downtown/University,30.29035,-97.74777
208,3,0.163,0.1255408822718019,0.0,3.7,0,The Cove at Saddle Creek,18,"Austin-Round Rock, TX",680,1,Suburban High-Velocity,-0.39196035759216036,-0.6908820272216908,Far South Austin,30.1636,-97.82699
375,4,0.022,0.32492657845976364,0.08301158301158301,4.0,0,The Davis SoCo,14,"Austin-Round Rock, TX",682,1,Suburban High-Velocity,0.2704859589312642,-0.2607463321950661,South Austin,30.22676,-97.76152
384,2,0.005,0.009967725481290539,0.0,3.3,0,The Emerson,17,"Austin-Round Rock, TX",686,1,Suburban High-Velocity,-1.015932947774303,-0.6595067442588594,Pflugerville/Wells Branch,30.48367,-97.63268
396,3,0.083,0.0348486127672807,0.19095940959409594,3.7,0,The Fairways at Star Ranch,12,"Austin-Round Rock, TX",688,0,Value-Add / Boutique,-1.322602087325025,0.9622524387470412,Round Rock/Georgetown,30.51112,-97.58083
176,3,0.068,0.14598919231080815,0.0,0.0,0,The Fitzroy San Marcos,14,"Austin-Round Rock, TX",690,0,Value-Add / Boutique,-3.1433990582010845,0.7673998562261329,San Marcos,29.84658,-97.95038
246,3,0.742,0.31181449502197794,0.0,4.3,0,The Green at Plum Creek,5,"Austin-Round Rock, TX",696,1,Suburban High-Velocity,0.45217113535205916,-0.06238076937526742,San Marcos,30.02555,-97.87576
322,4,0.122,0.2971532809630902,0.08323494687131051,4.0,0,The Guthrie,8,"Austin-Round Rock, TX",698,1,Suburban High-Velocity,0.1432850299997094,-0.11933478175071316,East Austin,30.25888,-97.70448
282,3,0.727,-0.1863200280893683,0.0,2.3,0,The Heights on Parmer,5,"Austin-Round Rock, TX",700,0,Value-Add / Boutique,-2.4881609378462946,1.0804865168919764,North Central Austin,30.39057,-97.65141
292,3,0.037,0.06843125520472934,0.0,3.7,0,The Highlands,11,"Austin-Round Rock, TX",702,1,Suburban High-Velocity,-0.491141918480838,-0.8077253223776347,Pflugerville/Wells Branch,30.4331,-97.65115
293,3,0.119,0.10308651804174557,0.031044214487300093,4.0,0,The Landing Double Creek,10,"Austin-Round Rock, TX",707,1,Suburban High-Velocity,-0.30851354953342736,-0.5622550579151465,Far South Austin,30.14021,-97.79916
374,2,0.189,0.1422601133840363,0.0,4.3,0,The M at Lakeline,7,"Austin-Round Rock, TX",710,1,Suburban High-Velocity,0.0724366913003555,-0.8739302515596057,Cedar Park,30.47832,-97.7908
360,3,0.1,0.03941667410010846,0.14066985645933014,3.0,0,The Marquis at Brushy Creek,31,"Austin-Round Rock, TX",712,0,Value-Add / Boutique,-1.661635010663262,0.8522311626886583,Cedar Park,30.48446,-97.73622
415,4,0.05,0.15700855206729533,0.0766016713091922,4.3,1,The Michael at Presidio,21,"Austin-Round Rock, TX",716,1,Suburban High-Velocity,0.5695263320486027,0.9255001178285303,Cedar Park,30.47675,-97.78493
305,29,0.0,0.3536119986561338,0.0,3.0,3,The Monarch by Windsor,14,"Austin-Round Rock, TX",717,2,Urban Luxury High-Rise,3.780357763770233,4.925690134421693,Downtown/University,30.26905,-97.75156
255,3,0.019,0.10451097618104117,0.0,3.7,0,The Monterra Apartments,9,"Austin-Round Rock, TX",718,1,Suburban High-Velocity,-0.3955222580346619,-0.8836006758325103,Northwest Austin,30.43892,-97.73359
320,3,0.024,0.08906990719055592,0.07064821558630735,4.0,0,The Park at Estancia,11,"Austin-Round Rock, TX",726,1,Suburban High-Velocity,-0.4700258487582047,-0.3609110154559768,Southeast Austin,30.12438,-97.80464
168,3,0.0,0.029242843082316335,0.0,3.3,0,The Ridge at Headwaters,11,"Austin-Round Rock, TX",737,0,Value-Add / Boutique,-0.9422456944717016,-0.7650729581163873,Southwest Austin,30.19737,-98.04856
236,3,0.135,0.18665127905106946,0.0,4.3,1,The Santal I,7,"Austin-Round Rock, TX",740,1,Suburban High-Velocity,0.7795864790452799,0.1990191108488739,Southwest Austin,30.25916,-97.86094
212,3,0.051,0.060042840183475644,0.06619800820152313,3.3,0,The Santal II,8,"Austin-Round Rock, TX",741,0,Value-Add / Boutique,-1.1156767993282628,-0.10850480517787957,Southwest Austin,30.25916,-97.86094
270,4,0.114,-0.15070948478890736,0.16666666666666666,3.0,0,The Sarah,9,"Austin-Round Rock, TX",742,0,Value-Add / Boutique,-2.2534109216589115,1.1956313911635656,Cedar Park,30.58042,-97.80525
396,3,0.03,0.16315904427231365,0.11777777777777777,3.7,0,The Settlement,10,"Austin-Round Rock, TX",743,1,Suburban High-Velocity,-0.6487071463116448,0.1979014035839221,San Marcos,30.02605,-97.84763
563,5,0.429,0.3726787668815093,0.08349641226353555,4.3,0,The Standard at Domain North Side,5,"Austin-Round Rock, TX",747,1,Suburban High-Velocity,0.6795221702680854,0.4790622885049167,North Central Austin,30.40336,-97.72264
225,3,0.026,0.014152122225820017,0.0,3.3,0,The Standard at Leander Station,11,"Austin-Round Rock, TX",748,0,Value-Add / Boutique,-0.9728386954760159,-0.6712466825693605,Cedar Park,30.58526,-97.84816
228,4,0.03,0.21842535133288146,0.0,4.3,0,The Summit at Rivery Park I,14,"Austin-Round Rock, TX",751,1,Suburban High-Velocity,0.4698552078955059,-1.1342629197654233,Round Rock/Georgetown,30.64727,-97.68655
166,4,0.042,0.05358513183368087,0.04818325434439179,4.0,0,The View at Cedar Park,23,"Austin-Round Rock, TX",753,1,Suburban High-Velocity,-0.44895209633425076,-0.5420654813296818,Cedar Park,30.5285,-97.82406
156,2,0.0,-0.31280473373300366,0.0,1.7,0,The Villas of Cordoba,19,"Austin-Round Rock, TX",755,0,Value-Add / Boutique,-3.2428801728628716,0.03408209286959259,Southeast Austin,30.19013,-97.73265
104,3,0.163,-0.07562269387022189,0.07266881028938907,2.7,0,Thornton Flats,17,"Austin-Round Rock, TX",762,0,Value-Add / Boutique,-2.058246087202731,0.3848472505612931,South Austin,30.24345,-97.77267
312,4,0.294,0.2031305754089869,0.0,4.3,0,Travis at The Lake,7,"Austin-Round Rock, TX",786,1,Suburban High-Velocity,0.3815275223435338,-0.6251767969327551,Far West Austin,30.38493,-97.944
335,5,0.0,0.17266218290355248,0.08322744599745871,3.7,0,Tree Apartments,15,"Austin-Round Rock, TX",787,1,Suburban High-Velocity,-0.31165323436295894,-0.04001058844355028,South Austin,30.22876,-97.76697
168,3,0.023,0.0887348415005661,0.0,4.3,0,Trillium Terrace,7,"Austin-Round Rock, TX",790,1,Suburban High-Velocity,-0.014267370757820644,-1.2026189203432933,Far South Austin,30.20742,-97.80646
179,2,0.016,0.35406763139354275,0.0,4.3,0,Two Rivers,7,"Austin-Round Rock, TX",794,1,Suburban High-Velocity,0.660417688637696,-1.4141959047028927,Round Rock/Georgetown,30.64447,-97.67776
179,3,0.027,0.29361923042703264,0.031042128603104215,4.3,1,Urban North,15,"Austin-Round Rock, TX",795,1,Suburban High-Velocity,0.9735320144505057,0.1831750865516569,Northwest Austin,30.43767,-97.77071
444,4,0.335,0.6100887275219401,0.06556082148499211,4.3,0,Villages At The Domain,6,"Austin-Round Rock, TX",809,1,Suburban High-Velocity,1.324049159898614,-0.11145934549404408,North Central Austin,30.39619,-97.72576
356,3,0.427,0.18737079420963146,0.18908748824082786,3.3,0,Villages at Turtle Rock,8,"Austin-Round Rock, TX",810,0,Value-Add / Boutique,-1.293150965144584,1.5891208903271985,Northwest Austin,30.45125,-97.77477
438,2,0.025,0.1523654945459529,0.02704443013522215,4.3,0,Villages of Georgetown,18,"Austin-Round Rock, TX",812,1,Suburban High-Velocity,0.06236363330693149,-0.8761295518901177,Round Rock/Georgetown,30.58402,-97.66645
270,2,0.044,0.021201671645384012,0.0,3.3,0,Villas at Spring Trails I,12,"Austin-Round Rock, TX",815,0,Value-Add / Boutique,-1.0346084606592134,-0.6867935374122772,Pflugerville/Wells Branch,30.47985,-97.62714
350,3,0.538,0.3052491261601355,0.0,3.7,0,Villas at Tech Ridge,15,"Austin-Round Rock, TX",817,1,Suburban High-Velocity,0.06873812534141206,-0.051025502045483714,Pflugerville/Wells Branch,30.42336,-97.66562
264,3,0.7,0.01096754331348752,0.19489795918367347,3.7,0,Vista at Plum Creek,4,"Austin-Round Rock, TX",821,0,Value-Add / Boutique,-1.6258381629504206,1.9303706439047477,San Marcos,30.01722,-97.87203
139,3,0.014,0.23817470538674435,0.01079136690647482,4.0,1,Waller Creekside on 51st,8,"Austin-Round Rock, TX",827,1,Suburban High-Velocity,0.6553457719206596,0.12329012712678421,Near North Austin,30.31568,-97.72454
277,3,0.003,0.10676297808198701,0.0,3.7,0,Walnut Park,14,"Austin-Round Rock, TX",829,1,Suburban High-Velocity,-0.37685891941066474,-0.8945920698305388,North Central Austin,30.39538,-97.6786
200,2,0.75,-0.01874508702034044,0.06382978723404255,3.7,0,Walnut Ridge Phase I & II,14,"Austin-Round Rock, TX",830,0,Value-Add / Boutique,-1.3196057809936657,0.8067323869930396,Southeast Austin,30.10905,-97.3063
264,6,0.049,0.5163430734642066,0.0,4.3,0,Water Marq,11,"Austin-Round Rock, TX",831,1,Suburban High-Velocity,1.517841103075157,-1.0721135755403952,South Austin,30.25441,-97.74379
264,3,0.34,0.2044218433462546,0.0,4.3,0,Wells Junction,5,"Austin-Round Rock, TX",839,1,Suburban High-Velocity,0.2627555126229939,-0.6618697219510955,Pflugerville/Wells Branch,30.43414,-97.65279
210,5,0.028,0.1433860083660697,0.08314350797266515,4.3,0,West Koenig Flats,10,"Austin-Round Rock, TX",842,1,Suburban High-Velocity,0.011130796675933915,-0.34198393801016824,Near North Austin,30.32201,-97.71922
334,4,0.021,0.4002120184894864,0.13281753707285623,4.3,0,West Lake Vistas,17,"Austin-Round Rock, TX",843,1,Suburban High-Velocity,0.5036964089768439,-0.047987382856908276,Far West Austin,30.36854,-97.8032
189,4,0.005,0.42080827207770305,0.08340971585701192,4.3,0,Westerly 360,22,"Austin-Round Rock, TX",847,1,Suburban High-Velocity,0.7127099220264211,-0.6081391471589094,Southwest Austin,30.26085,-97.81037
268,17,0.1,0.4834351598402275,0.0,4.3,0,Whitley Apartments,10,"Austin-Round Rock, TX",852,2,Urban Luxury High-Rise,2.4308418014124773,-0.13238812396166114,Downtown/University,30.2651,-97.7422
352,4,0.059,0.26443414855448644,0.08372365339578454,4.3,0,Windsor Burnet,10,"Austin-Round Rock, TX",858,1,Suburban High-Velocity,0.30468264173413917,-0.3144861722316477,North Central Austin,30.38659,-97.7224
300,3,0.03,-0.06169459285261741,0.19305019305019305,3.3,0,Windsor Lantana Hills,13,"Austin-Round Rock, TX",859,0,Value-Add / Boutique,-1.932341704217349,1.045684165877163,Southwest Austin,30.2474,-97.85868
370,4,0.175,0.07056758701544764,0.051171393341553635,3.7,0,Windsor Oak Hill,11,"Austin-Round Rock, TX",860,1,Suburban High-Velocity,-0.6068149844088735,-0.016608066202133547,Southwest Austin,30.24857,-97.86086
187,31,0.14,0.07338334772009932,0.17926932880203908,3.3,0,Windsor On The Lake,8,"Austin-Round Rock, TX",861,2,Urban Luxury High-Rise,1.0369107668844364,3.0870513828471213,Downtown/University,30.25596,-97.73959
290,3,0.013,0.10932208999990767,0.0,4.3,0,Windsor Republic Place,16,"Austin-Round Rock, TX",862,1,Suburban High-Velocity,0.09043844100347707,-1.1370474780545123,Northwest Austin,30.43891,-97.73775
340,5,0.029,0.4028200843673473,0.03245248029670839,3.7,0,Windsor South Lamar,18,"Austin-Round Rock, TX",863,1,Suburban High-Velocity,0.5443677477849785,-0.5278540829874727,South Austin,30.25721,-97.75993
72,2,0.097,0.054698789195021164,0.0,3.7,0,Woodcreek Apartments,8,"Austin-Round Rock, TX",865,0,Value-Add / Boutique,-0.7173155830519623,-0.9440089649149263,San Marcos,30.03098,-98.10173
40,2,0.25,0.05110303028053678,0.0,3.0,0,Colony Hills,12,"Akron, OH",880,0,Value-Add / Boutique,-1.3162496976342373,-0.40050600585834284,South Summit County,41.08548,-81.43438
105,6,0.847,0.7015018935895437,0.0,4.3,0,East End Residences,4,"Akron, OH",887,1,Suburban High-Velocity,1.770147902998972,0.03850870790694006,South Summit County,41.06638,-81.48264
